mazo,archivo,color_banda_hex,peligro_nombre,peligro_poder,peligro_dano,peligro_cartas_gratis,peligro_arte_prompt,tecnica_nombre,tecnica_poder,tecnica_efecto,tecnica_texto_sabor,tecnica_arte_prompt,arte_generar_px,arte_final_px,carta_px
Alba,cartas/alba1.jpg,#4F9E63,Mosquito del Templo,1,1,2,"un mosquito enorme y engreído flotando en el aire, las alas zumbando, ojitos furiosos, ilustración de caricatura para una carta de juego de mesa, línea de tinta suelta y gruesa con manchas de acuarela planas, paleta cálida apagada, textura de papel crema, fondo simple y despejado, un solo sujeto centrado y grande, expresivo y con humor, ambientación de templo shaolin. NADA de fotorrealismo, ni 3D, ni brillos metálicos. FORMATO: imagen CUADRADA de 1024x1024 px; se coloca reducida dentro de la carta, no es el tamaño de la carta. Sin texto, sin letras, sin marcas de agua, sin bordes ni marcos.",Garra Inicial,2,—,Tu primer movimiento que parece intencional.,"un monje novato sosteniendo una postura de garra que por fin parece intencional, con una pequeña sonrisa de orgullo, ilustración de caricatura para una carta de juego de mesa, línea de tinta suelta y gruesa con manchas de acuarela planas, paleta cálida apagada, textura de papel crema, fondo simple y despejado, un solo sujeto centrado y grande, expresivo y con humor, ambientación de templo shaolin. NADA de fotorrealismo, ni 3D, ni brillos metálicos. FORMATO: imagen CUADRADA de 1024x1024 px; se coloca reducida dentro de la carta, no es el tamaño de la carta. Sin texto, sin letras, sin marcas de agua, sin bordes ni marcos.",1024x1024,265x265,815x1110
Alba,cartas/alba2.jpg,#4F9E63,Bandido con Palo Podrido,2,1,3,"un bandido desaliñado blandiendo un palo de madera podrido que se le está desarmando en la mano, ilustración de caricatura para una carta de juego de mesa, línea de tinta suelta y gruesa con manchas de acuarela planas, paleta cálida apagada, textura de papel crema, fondo simple y despejado, un solo sujeto centrado y grande, expresivo y con humor, ambientación de templo shaolin. NADA de fotorrealismo, ni 3D, ni brillos metálicos. FORMATO: imagen CUADRADA de 1024x1024 px; se coloca reducida dentro de la carta, no es el tamaño de la carta. Sin texto, sin letras, sin marcas de agua, sin bordes ni marcos.",Puño del Bambú,2,+1 ⚡ si ganás,,"un monje novato golpeando limpiamente una caña de bambú, con una onda de energía verde alrededor del puño, ilustración de caricatura para una carta de juego de mesa, línea de tinta suelta y gruesa con manchas de acuarela planas, paleta cálida apagada, textura de papel crema, fondo simple y despejado, un solo sujeto centrado y grande, expresivo y con humor, ambientación de templo shaolin. NADA de fotorrealismo, ni 3D, ni brillos metálicos. FORMATO: imagen CUADRADA de 1024x1024 px; se coloca reducida dentro de la carta, no es el tamaño de la carta. Sin texto, sin letras, sin marcas de agua, sin bordes ni marcos.",1024x1024,265x265,815x1110
Alba,cartas/alba3.jpg,#4F9E63,Jarra de Té Volcada,1,1,2,"una tetera de barro volcada derramando té sobre las tablas del templo, con vapor subiendo, ilustración de caricatura para una carta de juego de mesa, línea de tinta suelta y gruesa con manchas de acuarela planas, paleta cálida apagada, textura de papel crema, fondo simple y despejado, un solo sujeto centrado y grande, expresivo y con humor, ambientación de templo shaolin. NADA de fotorrealismo, ni 3D, ni brillos metálicos. FORMATO: imagen CUADRADA de 1024x1024 px; se coloca reducida dentro de la carta, no es el tamaño de la carta. Sin texto, sin letras, sin marcas de agua, sin bordes ni marcos.",Equilibrio,1,+1 🃏,Aprendiste a no tropezar con tu propio pie.,"un monje novato parado perfectamente quieto sobre un pie en un poste de piedra, calmo y centrado, ilustración de caricatura para una carta de juego de mesa, línea de tinta suelta y gruesa con manchas de acuarela planas, paleta cálida apagada, textura de papel crema, fondo simple y despejado, un solo sujeto centrado y grande, expresivo y con humor, ambientación de templo shaolin. NADA de fotorrealismo, ni 3D, ni brillos metálicos. FORMATO: imagen CUADRADA de 1024x1024 px; se coloca reducida dentro de la carta, no es el tamaño de la carta. Sin texto, sin letras, sin marcas de agua, sin bordes ni marcos.",1024x1024,265x265,815x1110
Alba,cartas/alba4.jpg,#4F9E63,Siesta Tentadora,2,2,3,"una estera de dormir enrollada que brilla invitante como un tesoro, con pequeños símbolos de sueño flotando alrededor, ilustración de caricatura para una carta de juego de mesa, línea de tinta suelta y gruesa con manchas de acuarela planas, paleta cálida apagada, textura de papel crema, fondo simple y despejado, un solo sujeto centrado y grande, expresivo y con humor, ambientación de templo shaolin. NADA de fotorrealismo, ni 3D, ni brillos metálicos. FORMATO: imagen CUADRADA de 1024x1024 px; se coloca reducida dentro de la carta, no es el tamaño de la carta. Sin texto, sin letras, sin marcas de agua, sin bordes ni marcos.",Despertar Brusco,3,−1 ⚡,El Maestro te tiró un balde de agua fría.,"un monje novato empapado y completamente despierto, con un balde de madera vacío todavía girando sobre su cabeza, ilustración de caricatura para una carta de juego de mesa, línea de tinta suelta y gruesa con manchas de acuarela planas, paleta cálida apagada, textura de papel crema, fondo simple y despejado, un solo sujeto centrado y grande, expresivo y con humor, ambientación de templo shaolin. NADA de fotorrealismo, ni 3D, ni brillos metálicos. FORMATO: imagen CUADRADA de 1024x1024 px; se coloca reducida dentro de la carta, no es el tamaño de la carta. Sin texto, sin letras, sin marcas de agua, sin bordes ni marcos.",1024x1024,265x265,815x1110
Alba,cartas/alba5.jpg,#4F9E63,Gato Guardián del Templo,1,1,2,"una gata atigrada gorda y tuerta sentada sobre las tejas del templo, mirando con desprecio absoluto, ilustración de caricatura para una carta de juego de mesa, línea de tinta suelta y gruesa con manchas de acuarela planas, paleta cálida apagada, textura de papel crema, fondo simple y despejado, un solo sujeto centrado y grande, expresivo y con humor, ambientación de templo shaolin. NADA de fotorrealismo, ni 3D, ni brillos metálicos. FORMATO: imagen CUADRADA de 1024x1024 px; se coloca reducida dentro de la carta, no es el tamaño de la carta. Sin texto, sin letras, sin marcas de agua, sin bordes ni marcos.",Rascada Felina,2,—,Aprendiste del mejor luchador del templo.,"un monje novato lanzando un zarpazo con los dedos en garra, con tres marcas de arañazo cortando el aire, ilustración de caricatura para una carta de juego de mesa, línea de tinta suelta y gruesa con manchas de acuarela planas, paleta cálida apagada, textura de papel crema, fondo simple y despejado, un solo sujeto centrado y grande, expresivo y con humor, ambientación de templo shaolin. NADA de fotorrealismo, ni 3D, ni brillos metálicos. FORMATO: imagen CUADRADA de 1024x1024 px; se coloca reducida dentro de la carta, no es el tamaño de la carta. Sin texto, sin letras, sin marcas de agua, sin bordes ni marcos.",1024x1024,265x265,815x1110
Alba,cartas/alba6.jpg,#4F9E63,Compañero Burlón,2,1,3,"un monje adolescente con sonrisa burlona y cinturón verde apoyado en un poste, señalando y riéndose, ilustración de caricatura para una carta de juego de mesa, línea de tinta suelta y gruesa con manchas de acuarela planas, paleta cálida apagada, textura de papel crema, fondo simple y despejado, un solo sujeto centrado y grande, expresivo y con humor, ambientación de templo shaolin. NADA de fotorrealismo, ni 3D, ni brillos metálicos. FORMATO: imagen CUADRADA de 1024x1024 px; se coloca reducida dentro de la carta, no es el tamaño de la carta. Sin texto, sin letras, sin marcas de agua, sin bordes ni marcos.",Mirada Fija,1,+2 🃏,Lo asustaste con tus ojos de novato hambriento.,"primerísimo plano de la mirada intensa y sin parpadeo de un monje novato, hambriento y un poco perturbado, ilustración de caricatura para una carta de juego de mesa, línea de tinta suelta y gruesa con manchas de acuarela planas, paleta cálida apagada, textura de papel crema, fondo simple y despejado, un solo sujeto centrado y grande, expresivo y con humor, ambientación de templo shaolin. NADA de fotorrealismo, ni 3D, ni brillos metálicos. FORMATO: imagen CUADRADA de 1024x1024 px; se coloca reducida dentro de la carta, no es el tamaño de la carta. Sin texto, sin letras, sin marcas de agua, sin bordes ni marcos.",1024x1024,265x265,815x1110
Alba,cartas/alba7.jpg,#4F9E63,Piedra en el Zapato,1,1,2,"un pie descalzo levantado de dolor con una piedrita filosa clavada en la planta, con líneas de movimiento, ilustración de caricatura para una carta de juego de mesa, línea de tinta suelta y gruesa con manchas de acuarela planas, paleta cálida apagada, textura de papel crema, fondo simple y despejado, un solo sujeto centrado y grande, expresivo y con humor, ambientación de templo shaolin. NADA de fotorrealismo, ni 3D, ni brillos metálicos. FORMATO: imagen CUADRADA de 1024x1024 px; se coloca reducida dentro de la carta, no es el tamaño de la carta. Sin texto, sin letras, sin marcas de agua, sin bordes ni marcos.",Paso Firme,2,—,Por fin usás zapatillas de entrenamiento.,"un monje novato plantando con firmeza una zapatilla de entrenamiento sobre la piedra, con polvo saliendo alrededor de la suela, ilustración de caricatura para una carta de juego de mesa, línea de tinta suelta y gruesa con manchas de acuarela planas, paleta cálida apagada, textura de papel crema, fondo simple y despejado, un solo sujeto centrado y grande, expresivo y con humor, ambientación de templo shaolin. NADA de fotorrealismo, ni 3D, ni brillos metálicos. FORMATO: imagen CUADRADA de 1024x1024 px; se coloca reducida dentro de la carta, no es el tamaño de la carta. Sin texto, sin letras, sin marcas de agua, sin bordes ni marcos.",1024x1024,265x265,815x1110
Alba,cartas/alba8.jpg,#4F9E63,Soga de Saltar Rota,2,2,3,"una soga de saltar partida al medio, con los dos extremos deshilachados saliendo volando en el aire, ilustración de caricatura para una carta de juego de mesa, línea de tinta suelta y gruesa con manchas de acuarela planas, paleta cálida apagada, textura de papel crema, fondo simple y despejado, un solo sujeto centrado y grande, expresivo y con humor, ambientación de templo shaolin. NADA de fotorrealismo, ni 3D, ni brillos metálicos. FORMATO: imagen CUADRADA de 1024x1024 px; se coloca reducida dentro de la carta, no es el tamaño de la carta. Sin texto, sin letras, sin marcas de agua, sin bordes ni marcos.",Salto del Novato,3,—,Tocaste las campanas del templo con la cabeza.,"un monje novato saltando alto y golpeando con la cabeza una campana colgante del templo, ilustración de caricatura para una carta de juego de mesa, línea de tinta suelta y gruesa con manchas de acuarela planas, paleta cálida apagada, textura de papel crema, fondo simple y despejado, un solo sujeto centrado y grande, expresivo y con humor, ambientación de templo shaolin. NADA de fotorrealismo, ni 3D, ni brillos metálicos. FORMATO: imagen CUADRADA de 1024x1024 px; se coloca reducida dentro de la carta, no es el tamaño de la carta. Sin texto, sin letras, sin marcas de agua, sin bordes ni marcos.",1024x1024,265x265,815x1110
Alba,cartas/alba9.jpg,#4F9E63,Araña en el Tazón de Arroz,1,1,2,"una araña chiquita sentada tranquila en el medio de un tazón de arroz blanco, ilustración de caricatura para una carta de juego de mesa, línea de tinta suelta y gruesa con manchas de acuarela planas, paleta cálida apagada, textura de papel crema, fondo simple y despejado, un solo sujeto centrado y grande, expresivo y con humor, ambientación de templo shaolin. NADA de fotorrealismo, ni 3D, ni brillos metálicos. FORMATO: imagen CUADRADA de 1024x1024 px; se coloca reducida dentro de la carta, no es el tamaño de la carta. Sin texto, sin letras, sin marcas de agua, sin bordes ni marcos.",Reflejo,1,+1 ⚡,La araña sobrevivió. Vos también.,"un monje novato atrapando en el aire con dos dedos un grano de arroz que caía, con estela de movimiento, ilustración de caricatura para una carta de juego de mesa, línea de tinta suelta y gruesa con manchas de acuarela planas, paleta cálida apagada, textura de papel crema, fondo simple y despejado, un solo sujeto centrado y grande, expresivo y con humor, ambientación de templo shaolin. NADA de fotorrealismo, ni 3D, ni brillos metálicos. FORMATO: imagen CUADRADA de 1024x1024 px; se coloca reducida dentro de la carta, no es el tamaño de la carta. Sin texto, sin letras, sin marcas de agua, sin bordes ni marcos.",1024x1024,265x265,815x1110
Alba,cartas/alba10.jpg,#4F9E63,Viento Frío de la Mañana,2,1,3,"una ráfaga de viento frío de la mañana doblando cañas de bambú, con líneas de viento blancas arremolinadas y escarcha en las hojas, ilustración de caricatura para una carta de juego de mesa, línea de tinta suelta y gruesa con manchas de acuarela planas, paleta cálida apagada, textura de papel crema, fondo simple y despejado, un solo sujeto centrado y grande, expresivo y con humor, ambientación de templo shaolin. NADA de fotorrealismo, ni 3D, ni brillos metálicos. FORMATO: imagen CUADRADA de 1024x1024 px; se coloca reducida dentro de la carta, no es el tamaño de la carta. Sin texto, sin letras, sin marcas de agua, sin bordes ni marcos.",Resistencia,2,—,El frío fortalece el espíritu. Vos solo querés una frazada.,"un monje novato firme contra el viento frío, con la túnica azotada hacia atrás y la mandíbula apretada, ilustración de caricatura para una carta de juego de mesa, línea de tinta suelta y gruesa con manchas de acuarela planas, paleta cálida apagada, textura de papel crema, fondo simple y despejado, un solo sujeto centrado y grande, expresivo y con humor, ambientación de templo shaolin. NADA de fotorrealismo, ni 3D, ni brillos metálicos. FORMATO: imagen CUADRADA de 1024x1024 px; se coloca reducida dentro de la carta, no es el tamaño de la carta. Sin texto, sin letras, sin marcas de agua, sin bordes ni marcos.",1024x1024,265x265,815x1110
Mediodía,cartas/med1.jpg,#BE8A22,Tres Bandidos Hambrientos,4,2,3,"tres bandidos flacos y hambrientos amontonados compartiendo una sola mirada hostil, con las tripas sonando, ilustración de caricatura para una carta de juego de mesa, línea de tinta suelta y gruesa con manchas de acuarela planas, paleta cálida apagada, textura de papel crema, fondo simple y despejado, un solo sujeto centrado y grande, expresivo y con humor, ambientación de templo shaolin. NADA de fotorrealismo, ni 3D, ni brillos metálicos. FORMATO: imagen CUADRADA de 1024x1024 px; se coloca reducida dentro de la carta, no es el tamaño de la carta. Sin texto, sin letras, sin marcas de agua, sin bordes ni marcos.",Puño del Tigre,4,−1 ⚡,Ruge como un gatito. Pega como un tigre.,"un monje novato lanzando un puñetazo recto hacia adelante con la cabeza fantasmal de un tigre rugiendo sobre su puño, ilustración de caricatura para una carta de juego de mesa, línea de tinta suelta y gruesa con manchas de acuarela planas, paleta cálida apagada, textura de papel crema, fondo simple y despejado, un solo sujeto centrado y grande, expresivo y con humor, ambientación de templo shaolin. NADA de fotorrealismo, ni 3D, ni brillos metálicos. FORMATO: imagen CUADRADA de 1024x1024 px; se coloca reducida dentro de la carta, no es el tamaño de la carta. Sin texto, sin letras, sin marcas de agua, sin bordes ni marcos.",1024x1024,265x265,815x1110
Mediodía,cartas/med2.jpg,#BE8A22,Mercenario con Espada de Juguete,3,2,2,"un mercenario fanfarrón sosteniendo una espada de juguete de madera pintada de colores, completamente serio, ilustración de caricatura para una carta de juego de mesa, línea de tinta suelta y gruesa con manchas de acuarela planas, paleta cálida apagada, textura de papel crema, fondo simple y despejado, un solo sujeto centrado y grande, expresivo y con humor, ambientación de templo shaolin. NADA de fotorrealismo, ni 3D, ni brillos metálicos. FORMATO: imagen CUADRADA de 1024x1024 px; se coloca reducida dentro de la carta, no es el tamaño de la carta. Sin texto, sin letras, sin marcas de agua, sin bordes ni marcos.",Ala de Grulla,2,+1 ⚡ si ganás,Elegancia sobre fuerza.,"un monje novato en una postura elegante de ala de grulla, los brazos extendidos como plumas y el peso en una pierna, ilustración de caricatura para una carta de juego de mesa, línea de tinta suelta y gruesa con manchas de acuarela planas, paleta cálida apagada, textura de papel crema, fondo simple y despejado, un solo sujeto centrado y grande, expresivo y con humor, ambientación de templo shaolin. NADA de fotorrealismo, ni 3D, ni brillos metálicos. FORMATO: imagen CUADRADA de 1024x1024 px; se coloca reducida dentro de la carta, no es el tamaño de la carta. Sin texto, sin letras, sin marcas de agua, sin bordes ni marcos.",1024x1024,265x265,815x1110
Mediodía,cartas/med3.jpg,#BE8A22,"Duda: ""¿Sirve esto?""",3,2,2,"un monje novato mirándose las propias manos con evidente duda, con signos de pregunta tenues flotando en el aire, ilustración de caricatura para una carta de juego de mesa, línea de tinta suelta y gruesa con manchas de acuarela planas, paleta cálida apagada, textura de papel crema, fondo simple y despejado, un solo sujeto centrado y grande, expresivo y con humor, ambientación de templo shaolin. NADA de fotorrealismo, ni 3D, ni brillos metálicos. FORMATO: imagen CUADRADA de 1024x1024 px; se coloca reducida dentro de la carta, no es el tamaño de la carta. Sin texto, sin letras, sin marcas de agua, sin bordes ni marcos.",Fe Renovada,3,—,"Shifu nunca mintió. Bueno, casi nunca.","un monje novato mirando hacia arriba con la convicción tranquila recuperada, con luz cálida y suave sobre la cara, ilustración de caricatura para una carta de juego de mesa, línea de tinta suelta y gruesa con manchas de acuarela planas, paleta cálida apagada, textura de papel crema, fondo simple y despejado, un solo sujeto centrado y grande, expresivo y con humor, ambientación de templo shaolin. NADA de fotorrealismo, ni 3D, ni brillos metálicos. FORMATO: imagen CUADRADA de 1024x1024 px; se coloca reducida dentro de la carta, no es el tamaño de la carta. Sin texto, sin letras, sin marcas de agua, sin bordes ni marcos.",1024x1024,265x265,815x1110
Mediodía,cartas/med4.jpg,#BE8A22,Ira Incontrolable,4,3,3,"una figura de furia pura con la cara roja gruñendo, con vapor saliéndole de las orejas y los puños apretados, ilustración de caricatura para una carta de juego de mesa, línea de tinta suelta y gruesa con manchas de acuarela planas, paleta cálida apagada, textura de papel crema, fondo simple y despejado, un solo sujeto centrado y grande, expresivo y con humor, ambientación de templo shaolin. NADA de fotorrealismo, ni 3D, ni brillos metálicos. FORMATO: imagen CUADRADA de 1024x1024 px; se coloca reducida dentro de la carta, no es el tamaño de la carta. Sin texto, sin letras, sin marcas de agua, sin bordes ni marcos.",Colmillo de Serpiente,3,−1 👊 al peligro,,"un monje novato atacando con dos dedos rígidos como colmillos de serpiente, con la sombra de una serpiente enroscada detrás, ilustración de caricatura para una carta de juego de mesa, línea de tinta suelta y gruesa con manchas de acuarela planas, paleta cálida apagada, textura de papel crema, fondo simple y despejado, un solo sujeto centrado y grande, expresivo y con humor, ambientación de templo shaolin. NADA de fotorrealismo, ni 3D, ni brillos metálicos. FORMATO: imagen CUADRADA de 1024x1024 px; se coloca reducida dentro de la carta, no es el tamaño de la carta. Sin texto, sin letras, sin marcas de agua, sin bordes ni marcos.",1024x1024,265x265,815x1110
Mediodía,cartas/med5.jpg,#BE8A22,Soldado del Gobernador Corrupto,5,2,4,"un soldado con armadura y el escudo de un gobernador corrupto en el peto, con gesto despectivo y armado, ilustración de caricatura para una carta de juego de mesa, línea de tinta suelta y gruesa con manchas de acuarela planas, paleta cálida apagada, textura de papel crema, fondo simple y despejado, un solo sujeto centrado y grande, expresivo y con humor, ambientación de templo shaolin. NADA de fotorrealismo, ni 3D, ni brillos metálicos. FORMATO: imagen CUADRADA de 1024x1024 px; se coloca reducida dentro de la carta, no es el tamaño de la carta. Sin texto, sin letras, sin marcas de agua, sin bordes ni marcos.",Zancada de Leopardo,3,+1 🃏,Rápido. Elegante. Confuso para el enemigo.,"un monje novato saliendo disparado en una carrera baja y rápida, con estelas de manchas de leopardo detrás, ilustración de caricatura para una carta de juego de mesa, línea de tinta suelta y gruesa con manchas de acuarela planas, paleta cálida apagada, textura de papel crema, fondo simple y despejado, un solo sujeto centrado y grande, expresivo y con humor, ambientación de templo shaolin. NADA de fotorrealismo, ni 3D, ni brillos metálicos. FORMATO: imagen CUADRADA de 1024x1024 px; se coloca reducida dentro de la carta, no es el tamaño de la carta. Sin texto, sin letras, sin marcas de agua, sin bordes ni marcos.",1024x1024,265x265,815x1110
Mediodía,cartas/med6.jpg,#BE8A22,Tentación de la Alacena,3,2,2,"una alacena abierta con un frasco de galletas adentro, iluminado como una reliquia sagrada, ilustración de caricatura para una carta de juego de mesa, línea de tinta suelta y gruesa con manchas de acuarela planas, paleta cálida apagada, textura de papel crema, fondo simple y despejado, un solo sujeto centrado y grande, expresivo y con humor, ambientación de templo shaolin. NADA de fotorrealismo, ni 3D, ni brillos metálicos. FORMATO: imagen CUADRADA de 1024x1024 px; se coloca reducida dentro de la carta, no es el tamaño de la carta. Sin texto, sin letras, sin marcas de agua, sin bordes ni marcos.",Disciplina,2,+2 ⚡,Las galletas de Shifu siguen ahí. Intactas. Sos un héroe.,"un monje novato cerrando deliberadamente la puerta de una alacena sobre un frasco de galletas, con los ojos apretados de aguante, ilustración de caricatura para una carta de juego de mesa, línea de tinta suelta y gruesa con manchas de acuarela planas, paleta cálida apagada, textura de papel crema, fondo simple y despejado, un solo sujeto centrado y grande, expresivo y con humor, ambientación de templo shaolin. NADA de fotorrealismo, ni 3D, ni brillos metálicos. FORMATO: imagen CUADRADA de 1024x1024 px; se coloca reducida dentro de la carta, no es el tamaño de la carta. Sin texto, sin letras, sin marcas de agua, sin bordes ni marcos.",1024x1024,265x265,815x1110
Mediodía,cartas/med7.jpg,#BE8A22,Maestro Falso de la Calle,4,2,3,"un charlatán callejero escandaloso con túnica llamativa haciendo una postura de kung fu falsa, obviamente un fraude, ilustración de caricatura para una carta de juego de mesa, línea de tinta suelta y gruesa con manchas de acuarela planas, paleta cálida apagada, textura de papel crema, fondo simple y despejado, un solo sujeto centrado y grande, expresivo y con humor, ambientación de templo shaolin. NADA de fotorrealismo, ni 3D, ni brillos metálicos. FORMATO: imagen CUADRADA de 1024x1024 px; se coloca reducida dentro de la carta, no es el tamaño de la carta. Sin texto, sin letras, sin marcas de agua, sin bordes ni marcos.",Escama de Dragón,3,+1 🃏 · +1 ⚡,Aprendiste lo que NO hay que hacer. Eso cuenta.,"un monje novato levantando el antebrazo para bloquear, con escamas de dragón brillantes formándose sobre su piel, ilustración de caricatura para una carta de juego de mesa, línea de tinta suelta y gruesa con manchas de acuarela planas, paleta cálida apagada, textura de papel crema, fondo simple y despejado, un solo sujeto centrado y grande, expresivo y con humor, ambientación de templo shaolin. NADA de fotorrealismo, ni 3D, ni brillos metálicos. FORMATO: imagen CUADRADA de 1024x1024 px; se coloca reducida dentro de la carta, no es el tamaño de la carta. Sin texto, sin letras, sin marcas de agua, sin bordes ni marcos.",1024x1024,265x265,815x1110
Mediodía,cartas/med8.jpg,#BE8A22,Puente Colgante Roto,3,3,2,"un puente colgante al que le faltan varias tablas sobre un barranco con niebla, con las sogas deshilachándose, ilustración de caricatura para una carta de juego de mesa, línea de tinta suelta y gruesa con manchas de acuarela planas, paleta cálida apagada, textura de papel crema, fondo simple y despejado, un solo sujeto centrado y grande, expresivo y con humor, ambientación de templo shaolin. NADA de fotorrealismo, ni 3D, ni brillos metálicos. FORMATO: imagen CUADRADA de 1024x1024 px; se coloca reducida dentro de la carta, no es el tamaño de la carta. Sin texto, sin letras, sin marcas de agua, sin bordes ni marcos.",Vuelo del Bambú,4,−1 ⚡,Cruzaste el abismo. Con estilo.,"un monje novato cruzando un barranco con una pértiga de bambú, con el arco del movimiento marcado detrás, ilustración de caricatura para una carta de juego de mesa, línea de tinta suelta y gruesa con manchas de acuarela planas, paleta cálida apagada, textura de papel crema, fondo simple y despejado, un solo sujeto centrado y grande, expresivo y con humor, ambientación de templo shaolin. NADA de fotorrealismo, ni 3D, ni brillos metálicos. FORMATO: imagen CUADRADA de 1024x1024 px; se coloca reducida dentro de la carta, no es el tamaño de la carta. Sin texto, sin letras, sin marcas de agua, sin bordes ni marcos.",1024x1024,265x265,815x1110
Mediodía,cartas/med9.jpg,#BE8A22,Compañero Traidor,4,2,3,"un monje adolescente de cinturón verde alejándose con una bolsa de monedas, sin mirar atrás, ilustración de caricatura para una carta de juego de mesa, línea de tinta suelta y gruesa con manchas de acuarela planas, paleta cálida apagada, textura de papel crema, fondo simple y despejado, un solo sujeto centrado y grande, expresivo y con humor, ambientación de templo shaolin. NADA de fotorrealismo, ni 3D, ni brillos metálicos. FORMATO: imagen CUADRADA de 1024x1024 px; se coloca reducida dentro de la carta, no es el tamaño de la carta. Sin texto, sin letras, sin marcas de agua, sin bordes ni marcos.",Lealtad,3,—,Perdonaste al traidor. Sos mejor persona que luchador.,"un monje novato extendiendo una mano abierta para ayudar a alguien a levantarse, con expresión de perdón, ilustración de caricatura para una carta de juego de mesa, línea de tinta suelta y gruesa con manchas de acuarela planas, paleta cálida apagada, textura de papel crema, fondo simple y despejado, un solo sujeto centrado y grande, expresivo y con humor, ambientación de templo shaolin. NADA de fotorrealismo, ni 3D, ni brillos metálicos. FORMATO: imagen CUADRADA de 1024x1024 px; se coloca reducida dentro de la carta, no es el tamaño de la carta. Sin texto, sin letras, sin marcas de agua, sin bordes ni marcos.",1024x1024,265x265,815x1110
Mediodía,cartas/med10.jpg,#BE8A22,Tormenta de Arena Repentina,5,3,4,"una pared de arena repentina barriendo el patio, con todo tapado en tonos ocres, ilustración de caricatura para una carta de juego de mesa, línea de tinta suelta y gruesa con manchas de acuarela planas, paleta cálida apagada, textura de papel crema, fondo simple y despejado, un solo sujeto centrado y grande, expresivo y con humor, ambientación de templo shaolin. NADA de fotorrealismo, ni 3D, ni brillos metálicos. FORMATO: imagen CUADRADA de 1024x1024 px; se coloca reducida dentro de la carta, no es el tamaño de la carta. Sin texto, sin letras, sin marcas de agua, sin bordes ni marcos.",Resistencia del Desierto,4,—,La arena en los ojos es entrenamiento avanzado.,"un monje novato caminando hacia adelante entre la arena que vuela, con los ojos entrecerrados, sin inmutarse, ilustración de caricatura para una carta de juego de mesa, línea de tinta suelta y gruesa con manchas de acuarela planas, paleta cálida apagada, textura de papel crema, fondo simple y despejado, un solo sujeto centrado y grande, expresivo y con humor, ambientación de templo shaolin. NADA de fotorrealismo, ni 3D, ni brillos metálicos. FORMATO: imagen CUADRADA de 1024x1024 px; se coloca reducida dentro de la carta, no es el tamaño de la carta. Sin texto, sin letras, sin marcas de agua, sin bordes ni marcos.",1024x1024,265x265,815x1110
Ocaso,cartas/oca1.jpg,#B2403C,Líder de los Bandidos,6,3,3,"un jefe bandido corpulento y lleno de cicatrices con capa de piel y una espada enorme mellada, sonriendo, ilustración de caricatura para una carta de juego de mesa, línea de tinta suelta y gruesa con manchas de acuarela planas, paleta cálida apagada, textura de papel crema, fondo simple y despejado, un solo sujeto centrado y grande, expresivo y con humor, ambientación de templo shaolin. NADA de fotorrealismo, ni 3D, ni brillos metálicos. FORMATO: imagen CUADRADA de 1024x1024 px; se coloca reducida dentro de la carta, no es el tamaño de la carta. Sin texto, sin letras, sin marcas de agua, sin bordes ni marcos.",Rugido del Tigre,5,−2 ⚡,Ahora sí ruge como un tigre de verdad.,"un monje novato rugiendo con todo lo que tiene, con la cabeza translúcida de un tigre rugiendo junto a él, ilustración de caricatura para una carta de juego de mesa, línea de tinta suelta y gruesa con manchas de acuarela planas, paleta cálida apagada, textura de papel crema, fondo simple y despejado, un solo sujeto centrado y grande, expresivo y con humor, ambientación de templo shaolin. NADA de fotorrealismo, ni 3D, ni brillos metálicos. FORMATO: imagen CUADRADA de 1024x1024 px; se coloca reducida dentro de la carta, no es el tamaño de la carta. Sin texto, sin letras, sin marcas de agua, sin bordes ni marcos.",1024x1024,265x265,815x1110
Ocaso,cartas/oca2.jpg,#B2403C,Asesino Silencioso,7,3,4,"un asesino enmascarado apenas visible, solo los ojos y una hoja fina reflejando la luz de la luna, ilustración de caricatura para una carta de juego de mesa, línea de tinta suelta y gruesa con manchas de acuarela planas, paleta cálida apagada, textura de papel crema, fondo simple y despejado, un solo sujeto centrado y grande, expresivo y con humor, ambientación de templo shaolin. NADA de fotorrealismo, ni 3D, ni brillos metálicos. FORMATO: imagen CUADRADA de 1024x1024 px; se coloca reducida dentro de la carta, no es el tamaño de la carta. Sin texto, sin letras, sin marcas de agua, sin bordes ni marcos.",Vuelo de Grulla,4,+2 ⚡ si ganás,Ni lo viste venir. Él tampoco te vio a vos.,"un monje novato en el aire en pleno vuelo de grulla, con una pierna recogida y los brazos abiertos como alas, ilustración de caricatura para una carta de juego de mesa, línea de tinta suelta y gruesa con manchas de acuarela planas, paleta cálida apagada, textura de papel crema, fondo simple y despejado, un solo sujeto centrado y grande, expresivo y con humor, ambientación de templo shaolin. NADA de fotorrealismo, ni 3D, ni brillos metálicos. FORMATO: imagen CUADRADA de 1024x1024 px; se coloca reducida dentro de la carta, no es el tamaño de la carta. Sin texto, sin letras, sin marcas de agua, sin bordes ni marcos.",1024x1024,265x265,815x1110
Ocaso,cartas/oca3.jpg,#B2403C,Demonio del Orgullo,6,3,3,"un demonio con la forma del propio monje novato, con una corona de papel torcida y el pecho inflado, ilustración de caricatura para una carta de juego de mesa, línea de tinta suelta y gruesa con manchas de acuarela planas, paleta cálida apagada, textura de papel crema, fondo simple y despejado, un solo sujeto centrado y grande, expresivo y con humor, ambientación de templo shaolin. NADA de fotorrealismo, ni 3D, ni brillos metálicos. FORMATO: imagen CUADRADA de 1024x1024 px; se coloca reducida dentro de la carta, no es el tamaño de la carta. Sin texto, sin letras, sin marcas de agua, sin bordes ni marcos.",Humildad,4,—,Te bajaste de tu nube. A los golpes.,"un monje novato arrodillado inclinando la cabeza bien abajo, con polvo en los hombros, en paz, ilustración de caricatura para una carta de juego de mesa, línea de tinta suelta y gruesa con manchas de acuarela planas, paleta cálida apagada, textura de papel crema, fondo simple y despejado, un solo sujeto centrado y grande, expresivo y con humor, ambientación de templo shaolin. NADA de fotorrealismo, ni 3D, ni brillos metálicos. FORMATO: imagen CUADRADA de 1024x1024 px; se coloca reducida dentro de la carta, no es el tamaño de la carta. Sin texto, sin letras, sin marcas de agua, sin bordes ni marcos.",1024x1024,265x265,815x1110
Ocaso,cartas/oca4.jpg,#B2403C,Demonio de la Pereza,5,4,3,"un demonio gordo y perezoso tirado sobre una almohada con forma de nube, bostezando enormemente, ilustración de caricatura para una carta de juego de mesa, línea de tinta suelta y gruesa con manchas de acuarela planas, paleta cálida apagada, textura de papel crema, fondo simple y despejado, un solo sujeto centrado y grande, expresivo y con humor, ambientación de templo shaolin. NADA de fotorrealismo, ni 3D, ni brillos metálicos. FORMATO: imagen CUADRADA de 1024x1024 px; se coloca reducida dentro de la carta, no es el tamaño de la carta. Sin texto, sin letras, sin marcas de agua, sin bordes ni marcos.",Determinación,5,−1 ⚡,Te levantaste a las 4 AM. Una vez. Pero cuenta.,"un monje novato levantándose del piso al amanecer, agotado pero incorporándose, con los puños apretados, ilustración de caricatura para una carta de juego de mesa, línea de tinta suelta y gruesa con manchas de acuarela planas, paleta cálida apagada, textura de papel crema, fondo simple y despejado, un solo sujeto centrado y grande, expresivo y con humor, ambientación de templo shaolin. NADA de fotorrealismo, ni 3D, ni brillos metálicos. FORMATO: imagen CUADRADA de 1024x1024 px; se coloca reducida dentro de la carta, no es el tamaño de la carta. Sin texto, sin letras, sin marcas de agua, sin bordes ni marcos.",1024x1024,265x265,815x1110
Ocaso,cartas/oca5.jpg,#B2403C,Maestro del Templo Rival,8,3,4,"un maestro de un templo rival con túnicas de seda impecables, brazos cruzados, mirando por encima del hombro, ilustración de caricatura para una carta de juego de mesa, línea de tinta suelta y gruesa con manchas de acuarela planas, paleta cálida apagada, textura de papel crema, fondo simple y despejado, un solo sujeto centrado y grande, expresivo y con humor, ambientación de templo shaolin. NADA de fotorrealismo, ni 3D, ni brillos metálicos. FORMATO: imagen CUADRADA de 1024x1024 px; se coloca reducida dentro de la carta, no es el tamaño de la carta. Sin texto, sin letras, sin marcas de agua, sin bordes ni marcos.",Puño del Dragón,5,+1 🃏 · +2 ⚡,Su templo tiene mejor presupuesto. Vos tenés corazón.,"un monje novato golpeando con una cabeza de dragón de energía dorada saliendo de su puño, ilustración de caricatura para una carta de juego de mesa, línea de tinta suelta y gruesa con manchas de acuarela planas, paleta cálida apagada, textura de papel crema, fondo simple y despejado, un solo sujeto centrado y grande, expresivo y con humor, ambientación de templo shaolin. NADA de fotorrealismo, ni 3D, ni brillos metálicos. FORMATO: imagen CUADRADA de 1024x1024 px; se coloca reducida dentro de la carta, no es el tamaño de la carta. Sin texto, sin letras, sin marcas de agua, sin bordes ni marcos.",1024x1024,265x265,815x1110
Ocaso,cartas/oca6.jpg,#B2403C,Ejército de Mercenarios,9,4,5,"una pared de mercenarios con armadura idénticos que se extiende hasta el fondo, con las lanzas en alto, ilustración de caricatura para una carta de juego de mesa, línea de tinta suelta y gruesa con manchas de acuarela planas, paleta cálida apagada, textura de papel crema, fondo simple y despejado, un solo sujeto centrado y grande, expresivo y con humor, ambientación de templo shaolin. NADA de fotorrealismo, ni 3D, ni brillos metálicos. FORMATO: imagen CUADRADA de 1024x1024 px; se coloca reducida dentro de la carta, no es el tamaño de la carta. Sin texto, sin letras, sin marcas de agua, sin bordes ni marcos.",Patada del Tigre,6,−2 ⚡,Una patada. Muchos mercenarios. Matemática simple.,"un monje novato lanzando una patada giratoria enorme, con energía de rayas de tigre cruzando el aire, ilustración de caricatura para una carta de juego de mesa, línea de tinta suelta y gruesa con manchas de acuarela planas, paleta cálida apagada, textura de papel crema, fondo simple y despejado, un solo sujeto centrado y grande, expresivo y con humor, ambientación de templo shaolin. NADA de fotorrealismo, ni 3D, ni brillos metálicos. FORMATO: imagen CUADRADA de 1024x1024 px; se coloca reducida dentro de la carta, no es el tamaño de la carta. Sin texto, sin letras, sin marcas de agua, sin bordes ni marcos.",1024x1024,265x265,815x1110
Ocaso,cartas/oca7.jpg,#B2403C,Demonio de la Ira,7,4,4,"un demonio rojo chiquito de furia pura, demasiado enojado para su tamaño, dientes apretados y venas saltadas, ilustración de caricatura para una carta de juego de mesa, línea de tinta suelta y gruesa con manchas de acuarela planas, paleta cálida apagada, textura de papel crema, fondo simple y despejado, un solo sujeto centrado y grande, expresivo y con humor, ambientación de templo shaolin. NADA de fotorrealismo, ni 3D, ni brillos metálicos. FORMATO: imagen CUADRADA de 1024x1024 px; se coloca reducida dentro de la carta, no es el tamaño de la carta. Sin texto, sin letras, sin marcas de agua, sin bordes ni marcos.",Serenidad,4,+3 ⚡,Respiraste hondo. El demonio no.,"un monje novato sentado perfectamente calmo en medio del caos, con todo borroso menos él, ilustración de caricatura para una carta de juego de mesa, línea de tinta suelta y gruesa con manchas de acuarela planas, paleta cálida apagada, textura de papel crema, fondo simple y despejado, un solo sujeto centrado y grande, expresivo y con humor, ambientación de templo shaolin. NADA de fotorrealismo, ni 3D, ni brillos metálicos. FORMATO: imagen CUADRADA de 1024x1024 px; se coloca reducida dentro de la carta, no es el tamaño de la carta. Sin texto, sin letras, sin marcas de agua, sin bordes ni marcos.",1024x1024,265x265,815x1110
Ocaso,cartas/oca8.jpg,#B2403C,Incendio en la Cocina del Templo,6,4,3,"llamas saliendo por la puerta de la cocina del templo, con ollas y sartenes volando y humo espeso, ilustración de caricatura para una carta de juego de mesa, línea de tinta suelta y gruesa con manchas de acuarela planas, paleta cálida apagada, textura de papel crema, fondo simple y despejado, un solo sujeto centrado y grande, expresivo y con humor, ambientación de templo shaolin. NADA de fotorrealismo, ni 3D, ni brillos metálicos. FORMATO: imagen CUADRADA de 1024x1024 px; se coloca reducida dentro de la carta, no es el tamaño de la carta. Sin texto, sin letras, sin marcas de agua, sin bordes ni marcos.",Agua Sagrada,5,+2 ⚡,"Apagaste el fuego. Nadie sabe cómo empezó. Fue Shifu, ¿no?","un monje novato arrojando un balde de agua bendita, con el arco del agua brillando apenas, ilustración de caricatura para una carta de juego de mesa, línea de tinta suelta y gruesa con manchas de acuarela planas, paleta cálida apagada, textura de papel crema, fondo simple y despejado, un solo sujeto centrado y grande, expresivo y con humor, ambientación de templo shaolin. NADA de fotorrealismo, ni 3D, ni brillos metálicos. FORMATO: imagen CUADRADA de 1024x1024 px; se coloca reducida dentro de la carta, no es el tamaño de la carta. Sin texto, sin letras, sin marcas de agua, sin bordes ni marcos.",1024x1024,265x265,815x1110
Ocaso,cartas/oca9.jpg,#B2403C,Traición del Discípulo Favorito,7,3,4,"un discípulo favorito bajando la hoja después de una traición, con culpa en la cara, ilustración de caricatura para una carta de juego de mesa, línea de tinta suelta y gruesa con manchas de acuarela planas, paleta cálida apagada, textura de papel crema, fondo simple y despejado, un solo sujeto centrado y grande, expresivo y con humor, ambientación de templo shaolin. NADA de fotorrealismo, ni 3D, ni brillos metálicos. FORMATO: imagen CUADRADA de 1024x1024 px; se coloca reducida dentro de la carta, no es el tamaño de la carta. Sin texto, sin letras, sin marcas de agua, sin bordes ni marcos.",Perdón,4,—,Le diste una segunda oportunidad. Y una patada.,"un monje novato ofreciendo la mano a un oponente derrotado, todavía con cara de fastidio, ilustración de caricatura para una carta de juego de mesa, línea de tinta suelta y gruesa con manchas de acuarela planas, paleta cálida apagada, textura de papel crema, fondo simple y despejado, un solo sujeto centrado y grande, expresivo y con humor, ambientación de templo shaolin. NADA de fotorrealismo, ni 3D, ni brillos metálicos. FORMATO: imagen CUADRADA de 1024x1024 px; se coloca reducida dentro de la carta, no es el tamaño de la carta. Sin texto, sin letras, sin marcas de agua, sin bordes ni marcos.",1024x1024,265x265,815x1110
Ocaso,cartas/oca10.jpg,#B2403C,Prueba del Gran Maestro (en sueños),8,3,4,"una visión onírica de un viejo gran maestro flotando entre niebla arremolinada, con los ojos brillando en blanco, ilustración de caricatura para una carta de juego de mesa, línea de tinta suelta y gruesa con manchas de acuarela planas, paleta cálida apagada, textura de papel crema, fondo simple y despejado, un solo sujeto centrado y grande, expresivo y con humor, ambientación de templo shaolin. NADA de fotorrealismo, ni 3D, ni brillos metálicos. FORMATO: imagen CUADRADA de 1024x1024 px; se coloca reducida dentro de la carta, no es el tamaño de la carta. Sin texto, sin letras, sin marcas de agua, sin bordes ni marcos.",Iluminación,5,+2 🃏 · +1 ⚡,Te despertaste empapado. Pero iluminado.,"un monje novato despertándose empapado en sudor con un halo de luz suave detrás de la cabeza, ilustración de caricatura para una carta de juego de mesa, línea de tinta suelta y gruesa con manchas de acuarela planas, paleta cálida apagada, textura de papel crema, fondo simple y despejado, un solo sujeto centrado y grande, expresivo y con humor, ambientación de templo shaolin. NADA de fotorrealismo, ni 3D, ni brillos metálicos. FORMATO: imagen CUADRADA de 1024x1024 px; se coloca reducida dentro de la carta, no es el tamaño de la carta. Sin texto, sin letras, sin marcas de agua, sin bordes ni marcos.",1024x1024,265x265,815x1110
